<?xml version="1.0" encoding="UTF-8"?>
<faces-config xmlns="http://xmlns.jcp.org/xml/ns/javaee"
	xmlns:xsi="http://www.w3.org/2001/XMLSchema-instance"
	xsi:schemaLocation="http://xmlns.jcp.org/xml/ns/javaee http://xmlns.jcp.org/xml/ns/javaee/web-facesconfig_2_2.xsd"
	version="2.2">

<navigation-rule>

		<navigation-case>
			<from-outcome>entrada</from-outcome>
			<to-view-id>/pages/publico/index.xhtml</to-view-id>
			<redirect />
		</navigation-case>
		
		<navigation-case>
			<from-outcome>servicos</from-outcome>
			<to-view-id>/pages/publico/listarservicos.xhtml</to-view-id>
		</navigation-case>
		
		<navigation-case>
			<from-outcome>viewExpired</from-outcome>
			<to-view-id>/pages/publico/viewExpired.xhtml</to-view-id>
			<redirect />
		</navigation-case>

		<navigation-case>
			<from-outcome>novalig</from-outcome>
			<to-view-id>/pages/publico/primeiraligacao/cadastro.xhtml</to-view-id>
		</navigation-case>

	</navigation-rule>
	
	<factory>
		<exception-handler-factory>br.com.sabesp.sabesphotsitesolicitacoes.util.MyExceptionHandlerFactory</exception-handler-factory>
	</factory>
	
	<application>
		<resource-bundle>
			<base-name>Messages</base-name>
			<var>i18n</var>
		</resource-bundle>

		<locale-config>
			<default-locale>pt_BR</default-locale>
			<!-- <supported-locale>en</supported-locale> -->
		</locale-config>

		<!-- Define arquivo customizado para as mensagens das validacoes JSF e 
			BeanValidation. -->
		<message-bundle>ValidationMessages</message-bundle>

	</application>
</faces-config>