<?xml version="1.0" encoding="UTF-8"?>

<datasources>

	<datasource jndi-name="java:jboss/datasources/sabesphotsitesolicitacoesDS" pool-name="sabesphotsitesolicitacoesDS" enabled="true" use-java-context="true" use-ccm="false">
		<connection-url>jdbc:oracle:thin:@10.11.69.52:1521/pdbcef01</connection-url>		
	    <driver>oracle</driver> <!-- Driver do banco de dados deve ser intalado/configurado no servidor -->
		<pool>
			<min-pool-size>1</min-pool-size> <!-- Quantidade mínima de conexões que serão abertas para sua fonte de dados -->
			<max-pool-size>3</max-pool-size> <!-- Quantidade máxima de conexões que serão abertas para sua fonte de dados -->
			<prefill>true</prefill>
		</pool>
	             
				 
	    <security>
		    <user-name>sabesp_hotsite_dsv</user-name>
	    	<password>j9ahs645</password>
	    </security>
	             
	</datasource>
	
	
</datasources>



<!-- ======================================================================== -->
<!-- Os tags <min-pool-size> e <max-pool-size> no ambiente de desenvolvimento -->
<!-- e homologação devem conter valores baixos para não sobrecarregar o banco -->
<!-- de dados sem necessidade. No ambiente de produção é necessário entrar em --> 
<!-- contato com o DBA para definir o valores mais adequados.                 -->                               
<!-- ======================================================================== -->